{
  "0": 0.8169595567265122,
  "B_dis": 0.025558845098731565,
  "B_bod/B_tes": 0.0009234864328978461,
  "E_tes": 0.005540918597387077,
  "B_bod": 0.02455387456881332,
  "B_tre": 0.012955971426243312,
  "E_dis": 0.016408860037482684,
  "E_bod": 0.004960344406116739,
  "M_dis": 0.009710188228264117,
  "B_bod/B_sym": 0.003914631827688296,
  "M_sym": 0.011998533286253632,
  "B_bod/M_sym": 0.0008046554580764321,
  "E_bod/M_sym": 0.0008080506287856153,
  "E_sym": 0.014198603905804384,
  "B_sym": 0.018469728657956923,
  "B_bod/B_dis": 0.003306896270744493,
  "E_tre": 0.006060379715892115,
  "M_bod": 0.0013614634543824863,
  "E_bod/M_dis": 0.0008725588722600972,
  "B_nt": 0.00029877502240812666,
  "M_nt": 0.000526251459923405,
  "E_nt": 0.0002750088274438439,
  "B_tes": 0.007584811364315398,
  "M_tes": 0.003636227829535269,
  "B_bod/M_tre": 0.0003191460466632262,
  "M_tre": 0.0043390281663362035,
  "M_bod/M_tre": 1.6975853545916288e-05,
  "E_bod/E_tre": 1.6975853545916288e-05,
  "B_bod/E_dis": 4.753238992856561e-05,
  "B_bod/E_tre": 5.4322731346932124e-05,
  "B_bod/M_tes": 0.00020710541326017873,
  "E_bod/M_tes": 0.00016296819404079636,
  "B_bod/B_tre": 0.0008521878480049977,
  "E_bod/M_tre": 0.00018673438900507918,
  "B_bod/M_dis": 0.0010049705299182443,
  "bod": 1.0185512127549772e-05,
  "B_bod/bod": 7.469375560203167e-05,
  "tre/B_tre": 1.6975853545916288e-05,
  "dis/B_tre": 1.3580682836733031e-05,
  "sym/B_tes": 3.3951707091832578e-06,
  "M_bod/M_tes": 4.4137219219382353e-05,
  "dis/M_tre": 1.6975853545916288e-05,
  "B_bod/E_sym": 0.00022068609609691175,
  "tes/M_sym": 1.0185512127549772e-05,
  "dis/E_tre": 6.7903414183665155e-06,
  "dis/B_tes": 2.0371024255099545e-05,
  "tre/B_tes": 1.3580682836733031e-05,
  "M_bod/bod": 2.0371024255099545e-05,
  "tre/M_sym": 6.7903414183665155e-06,
  "sym/bod": 3.3951707091832578e-06,
  "tre/M_tes": 6.7903414183665155e-06,
  "M_bod/M_sym": 0.00015617785262242985,
  "dis/B_dis": 1.6975853545916288e-05,
  "dis/M_dis": 1.6975853545916288e-05,
  "dis/B_sym": 3.055653638264932e-05,
  "dis/M_sym": 1.0185512127549772e-05,
  "tes/B_sym": 3.3951707091832576e-05,
  "M_bod/M_dis": 5.771790205611538e-05,
  "B_bod/E_tes": 1.3580682836733031e-05,
  "sym/B_dis": 3.3951707091832578e-06,
  "tes/B_tes": 1.0185512127549772e-05,
  "E_bod/E_sym": 6.7903414183665155e-06,
  "sym/M_sym": 3.734687780101583e-05,
  "sym/B_sym": 1.0185512127549772e-05,
  "dis/E_dis": 1.6975853545916288e-05,
  "（kg•d）/0": 6.7903414183665155e-06,
  "tes/B_dis": 6.7903414183665155e-06,
  "tes/bod": 3.3951707091832578e-06,
  "B_nr": 6.7903414183665155e-06,
  "E_nr": 3.3951707091832578e-06,
  "E_bod/E_dis": 6.7903414183665155e-06,
  "年/0": 3.3951707091832578e-06,
  "（/0": 3.3951707091832578e-06,
  "/0": 1.0185512127549772e-05,
  "E_bod/B_sym": 6.7903414183665155e-06,
  "sym/E_dis": 2.7161365673466062e-05,
  "100万/0": 3.3951707091832578e-06,
  "Ⅲa复合物/bod": 3.3951707091832578e-06,
  "dis/M_nt": 3.3951707091832578e-06,
  "dis/M_tes": 3.3951707091832578e-06,
  ".nlm.nih.gov/0": 3.3951707091832578e-06,
  ".nhlbi.nih.gov": 3.3951707091832578e-06,
  ".cma.ca.htm/0": 3.3951707091832578e-06,
  ".mja.com.au.htm/0": 3.3951707091832578e-06,
  ".chinainfo.gov.cn.htm/0": 3.3951707091832578e-06,
  "α比值/0": 3.3951707091832578e-06,
  "du,": 1.3580682836733031e-05,
  "sym/M_dis": 3.3951707091832578e-06,
  "dis/E_sym": 6.7903414183665155e-06,
  "E_bod/E_tes": 3.3951707091832578e-06,
  "（L•sec）/0": 3.3951707091832578e-06,
  "E_bod/B_dis": 3.3951707091832578e-06,
  "tes/M_dis": 3.3951707091832578e-06,
  "B_bod/M_nt": 3.3951707091832578e-06,
  "E_bod/bod": 3.3951707091832578e-06,
  "tre/M_tre": 3.3951707091832578e-06,
  "M_bod/B_dis": 3.3951707091832578e-06,
  "溺": 3.3951707091832578e-06,
  "sym/E_sym": 3.3951707091832578e-06,
  "tre/E_tre": 3.3951707091832578e-06,
  "sym/M_tre": 3.3951707091832578e-06,
  "sym/B_tre": 3.3951707091832578e-06,
  "tes/B_tre": 3.3951707091832578e-06,
  "tre/B_sym": 3.3951707091832578e-06
}