{
  "n": 0.24464051060634504,
  "m": 0.04947352253528338,
  "w": 0.1737529225045651,
  "u": 0.04179736163967439,
  "v": 0.22237998532348072,
  "a": 0.04203969486492483,
  "Ng": 0.003146918784238101,
  "f": 0.021369694694267624,
  "q": 0.02340051538474666,
  "r": 0.013980237896138028,
  "p": 0.03118931003293684,
  "d": 0.039179480178166116,
  "k": 0.00355649606635152,
  "ns": 0.00011604689659880199,
  "c": 0.041363892349437686,
  "b": 0.015062204549720976,
  "t": 0.004583852415652678,
  "nrx": 0.0005836476270116217,
  "s": 0.0017304640169291943,
  "h": 0.0005699950509411745,
  "nx": 0.020908920251890027,
  "i": 0.00040275099407819514,
  "Ag": 0.0005426898988002799,
  "j": 0.0009249620287728041,
  "l": 0.0008737648685086267,
  "ad": 2.389200812328276e-05,
  "Vg": 0.00036179326586685323,
  "sub>": 8.191545642268375e-05,
  "nr": 0.001000051197160264,
  "x": 0.00012287318463402564,
  "sup>": 5.119716026417735e-05,
  "z": 0.0002935303855146168,
  "y": 4.0957728211341875e-05,
  "Dg": 6.143659231701282e-05,
  "Bg": 6.143659231701282e-05,
  "Tg": 1.7065720088059117e-05,
  "Mg": 2.389200812328276e-05,
  "nt": 0.00012287318463402564,
  "Rg": 2.389200812328276e-05,
  "o": 5.8023448299400996e-05,
  "an": 5.8023448299400996e-05,
  "e": 3.4131440176118232e-06,
  "text.nlm.nih.gov": 3.4131440176118232e-06,
  "www.nhlbi.nih.gov/": 3.4131440176118232e-06,
  "index.htm": 3.4131440176118232e-06,
  "guides.htm": 3.4131440176118232e-06,
  "zhyxh.htm": 3.4131440176118232e-06,
  "g": 3.4131440176118232e-06,
  "sup>Tc": 3.4131440176118232e-06
}