{
  "B": 0.41893219783819197,
  "M": 0.0,
  "E": 0.0,
  "S": 0.5807402554864068
}