{
  "B": {
    "B": 0.0,
    "M": 0.21865147971117666,
    "E": 0.7813485202888234,
    "S": 0.0
  },
  "M": {
    "B": 0.0,
    "M": 0.42132355414998485,
    "E": 0.5786764458500151,
    "S": 0.0
  },
  "E": {
    "B": 0.4732279060307129,
    "M": 0.0,
    "E": 0.0,
    "S": 0.5145937150411878
  },
  "S": {
    "B": 0.5854807082510224,
    "M": 0.0,
    "E": 0.0,
    "S": 0.3839907277140754
  }
}